4, 147
4, 300
5, 434
6, 391
6, 410
7, 260
7, 312
7, 348
9, 120
9, 240
9, 302
12, 123
12, 143
15, 19
16, 82
17, 141
20, 350
21, 173
21, 216
21, 227
22, 149
22, 227
23, 72
23, 385
24, 34
24, 188
24, 194
24, 388
24, 435
25, 342
28, 124
28, 147
28, 329
28, 333
28, 412
29, 40
29, 306
29, 430
30, 165
30, 213
31, 140
31, 309
32, 428
33, 269
33, 295
34, 132
34, 158
34, 426
36, 224
36, 349
37, 7
37, 30
37, 224
37, 306
38, 50
38, 95
38, 113
39, 37
39, 132
40, 62
41, 237
43, 262
43, 303
44, 113
45, 10
45, 264
45, 353
46, 244
46, 399
46, 414
47, 119
48, 236
49, 32
49, 221
50, 144
51, 310
53, 365
54, 112
54, 120
56, 19
56, 43
56, 229
56, 384
56, 396
58, 50
59, 13
59, 78
59, 219
59, 398
60, 52
60, 125
60, 219
62, 18
62, 216
63, 220
63, 221
63, 304
64, 90
64, 213
65, 188
66, 12
66, 91
66, 249
66, 381
67, 59
67, 283
68, 86
68, 228
70, 35
70, 336
71, 22
71, 183
72, 7
72, 199
73, 344
76, 158
77, 274
78, 44
78, 277
79, 237
80, 437
81, 120
82, 117
83, 56
83, 84
83, 213
83, 250
83, 392
84, 200
84, 223
84, 224
84, 359
85, 283
85, 293
86, 8
86, 156
86, 173
86, 271
86, 286
87, 366
88, 330
89, 58
90, 203
90, 226
91, 159
91, 172
91, 226
92, 176
92, 276
92, 329
95, 238
96, 129
96, 386
97, 326
98, 106
98, 388
99, 281
99, 287
99, 300
99, 310
99, 393
100, 166
101, 14
103, 321
104, 25
104, 307
105, 359
106, 13
108, 189
108, 372
109, 296
110, 403
111, 246
112, 188
112, 196
113, 418
114, 13
116, 231
117, 13
117, 104
117, 106
118, 52
118, 376
120, 37
120, 193
121, 175
121, 295
122, 118
123, 267
124, 68
125, 229
125, 419
126, 345
127, 280
129, 35
129, 65
129, 177
129, 218
129, 291
130, 164
130, 218
130, 391
131, 115
131, 143
131, 159
131, 272
132, 83
132, 283
133, 381
136, 393
136, 411
137, 316
138, 46
138, 233
138, 386
138, 400
140, 185
141, 367
141, 392
142, 169
142, 253
143, 76
143, 300
145, 202
146, 219
146, 223
147, 187
147, 223
148, 374
151, 71
151, 387
152, 114
152, 245
154, 166
154, 204
155, 143
155, 283
156, 241
156, 291
156, 324
156, 356
157, 116
158, 221
158, 252
158, 284
159, 221
159, 264
159, 268
161, 314
161, 429
162, 25
162, 276
163, 118
163, 158
163, 304
163, 388
164, 32
164, 62
164, 218
164, 389
166, 157
167, 352
167, 397
168, 79
169, 200
170, 230
170, 313
170, 321
171, 168
172, 82
172, 217
172, 347
173, 7
173, 154
173, 218
173, 323
174, 381
174, 403
176, 297
179, 313
181, 112
182, 31
182, 331
182, 398
183, 49
183, 323
183, 398
184, 236
185, 15
185, 281
186, 302
186, 337
188, 341
188, 378
188, 428
189, 88
189, 403
190, 330
191, 106
192, 138
192, 351
193, 108
193, 246
194, 45
194, 165
194, 211
194, 414
196, 176
197, 106
197, 248
198, 57
199, 48
199, 237
199, 338
200, 82
200, 206
200, 330
200, 440
201, 43
201, 430
202, 232
203, 92
203, 93
203, 197
203, 244
203, 309
203, 328
203, 373
203, 394
204, 54
205, 208
205, 404
206, 60
207, 206
208, 403
209, 296
209, 373
210, 398
210, 415
211, 317
211, 321
211, 340
211, 435
212, 347
212, 419
213, 62
214, 144
214, 433
215, 57
215, 179
215, 304
215, 387
216, 44
216, 175
218, 185
219, 67
220, 266
221, 121
222, 235
223, 411
224, 269
226, 417
227, 337
227, 402
228, 337
229, 355
229, 403
231, 178
231, 315
231, 336
231, 417
232, 69
232, 368
233, 282
233, 344
233, 394
234, 68
235, 92
235, 232
237, 50
237, 72
237, 166
237, 345
238, 132
239, 429
240, 204
241, 78
241, 336
242, 33
242, 318
243, 222
243, 223
243, 283
243, 353
244, 388
244, 403
246, 68
246, 269
246, 391
247, 315
247, 422
248, 428
250, 349
250, 425
251, 376
252, 353
254, 24
254, 195
256, 160
257, 24
257, 58
259, 38
259, 228
261, 13
261, 175
261, 226
261, 251
261, 293
262, 428
264, 165
264, 404
264, 410
265, 267
265, 385
266, 127
266, 310
266, 359
267, 70
267, 398
268, 261
268, 333
269, 146
270, 40
270, 331
271, 260
272, 307
273, 419
275, 388
277, 8
277, 130
277, 327
278, 16
278, 63
278, 232
278, 353
278, 426
279, 261
279, 264
280, 383
281, 66
281, 347
281, 397
282, 260
283, 146
283, 236
284, 34
284, 213
284, 219
284, 220
285, 387
287, 189
287, 282
287, 440
288, 292
288, 368
290, 254
290, 275
291, 275
293, 220
293, 328
293, 355
294, 30
294, 220
294, 326
295, 87
295, 128
297, 126
297, 195
298, 209
298, 241
298, 385
300, 39
300, 122
300, 206
301, 401
302, 51
302, 210
302, 230
302, 440
305, 423
306, 134
307, 73
307, 159
307, 286
307, 363
307, 378
308, 241
310, 373
311, 236
311, 394
312, 41
312, 129
312, 259
313, 78
313, 149
314, 340
315, 247
315, 344
316, 93
317, 118
318, 13
319, 323
320, 19
323, 68
323, 122
325, 180
325, 256
325, 294
325, 384
325, 438
326, 90
326, 159
326, 184
327, 211
328, 197
329, 281
330, 79
330, 151
330, 155
330, 380
330, 397
331, 39
331, 344
332, 35
332, 302
332, 415
333, 440
333, 442
334, 243
336, 273
336, 426
340, 345
340, 428
341, 200
342, 277
342, 291
343, 232
344, 48
344, 310
344, 337
345, 270
345, 384
346, 151
346, 157
346, 197
346, 429
348, 6
348, 98
348, 219
348, 411
349, 219
349, 270
349, 328
350, 108
350, 153
350, 306
350, 405
351, 30
351, 113
352, 200
352, 358
353, 122
353, 310
354, 239
355, 50
355, 366
355, 392
356, 113
356, 127
357, 385
358, 26
358, 94
358, 207
358, 242
358, 296
359, 54
359, 239
359, 263
361, 125
361, 298
362, 108
362, 269
362, 314
362, 366
362, 415
364, 31
364, 211
364, 276
364, 335
367, 404
369, 181
369, 261
369, 278
371, 148
371, 334
372, 382
375, 307
375, 417
375, 442
377, 179
377, 197
379, 56
379, 124
380, 285
382, 223
382, 224
382, 310
383, 88
383, 409
384, 168
384, 332
385, 105
385, 127
387, 241
387, 332
388, 77
388, 284
389, 195
390, 214
390, 401
391, 212
391, 415
392, 119
392, 122
392, 178
393, 86
393, 258
394, 266
394, 409
396, 72
396, 302
397, 33
397, 46
397, 287
398, 177
398, 315
399, 93
399, 225
399, 384
399, 442
400, 227
402, 227
402, 311
403, 226
403, 367
404, 109
404, 137
404, 219
405, 17
405, 219
405, 239
405, 310
405, 353
407, 169
407, 274
408, 244
409, 40
412, 25
412, 271
413, 274
413, 323
414, 145
416, 349
417, 429
417, 430
418, 88
418, 382
419, 123
419, 266
420, 58
422, 11
424, 71
424, 88
425, 246
425, 313
425, 319
426, 429
426, 430
427, 339
428, 217
428, 421
429, 87
430, 109
430, 381
430, 407
431, 103
431, 410
432, 63
433, 368
434, 58
434, 401
436, 257
438, 122
438, 423
439, 376
440, 148
440, 204
440, 249
441, 284
442, 61
442, 74
442, 319
442, 365
443, 247
443, 414